"CN","LastLogonDate"
"CONFERENCE-LT","10/22/2018 11:02:08 AM"
"DLW412-PC","10/3/2018 3:41:08 PM"
"DWC001","11/27/2019 7:48:25 AM"
"DWC005","9/15/2019 4:53:26 PM"
"DWC006","11/20/2019 4:57:22 PM"
"DWC007","11/20/2019 8:10:20 AM"
"DWC008","10/14/2019 8:46:06 AM"
"DWC010","10/7/2019 9:56:43 AM"
"DWC011","10/29/2018 10:17:17 AM"
"DWC012","10/4/2019 5:52:13 PM"
"DWC014","10/24/2019 3:26:58 PM"
"DWC015","11/18/2019 8:29:50 AM"
"DWC016","11/18/2019 9:05:57 AM"
"DWC017","11/21/2019 2:24:12 PM"
"DWC018","11/25/2019 10:24:19 AM"
"DWC019","11/24/2019 3:45:02 PM"
"DWC020","10/31/2019 10:31:02 AM"
"DWC021","10/24/2019 3:02:21 PM"
"DWC022","10/18/2019 5:50:06 PM"
"DWC023","6/26/2019 11:02:16 AM"
"DWC024","11/18/2019 7:29:49 AM"
"DWC027","10/6/2019 5:47:13 PM"
"DWC028","6/10/2019 9:00:32 AM"
"DWC029","11/18/2019 11:21:59 AM"
"DWC031","9/17/2019 3:21:21 PM"
"DWC032","2/20/2019 12:23:32 PM"
"DWC033","9/8/2019 11:04:21 PM"
"DWC034","10/7/2019 11:27:09 AM"
"DWC035","9/30/2019 9:55:47 AM"
"DWC036","11/18/2019 9:14:33 AM"
"DWC037","11/21/2019 1:32:03 PM"
"DWC038","11/16/2019 12:03:54 PM"
"DWC039","11/19/2019 8:48:35 AM"
"DWC040","11/21/2019 8:24:20 PM"
"DWC041","11/13/2019 8:55:54 AM"
"DWC044","11/25/2019 9:14:02 AM"
"DWC045","6/25/2018 9:04:33 AM"
"DWC046","2/26/2019 10:31:41 AM"
"DWC047","6/25/2018 3:44:08 PM"
"DWC048","11/22/2019 10:20:48 AM"
"DWC049","11/15/2019 12:06:37 PM"
"DWC050","11/21/2019 9:38:11 AM"
"DWC052","8/7/2019 12:58:12 PM"
"DWC053","11/21/2019 12:25:15 PM"
"DWC054","11/21/2019 10:27:37 AM"
"DWC055","11/18/2019 8:50:12 AM"
"DWC102-PC","11/21/2019 3:36:34 AM"
"DWC113","10/7/2019 9:42:27 AM"
"DWC130-PC","7/22/2019 10:10:39 AM"
"DWC131","11/21/2019 11:56:14 AM"
"DWC132","11/18/2019 1:15:39 PM"
"DWC133","11/24/2019 3:54:27 PM"
"DWC134","11/18/2019 7:03:43 AM"
"DWC135","11/22/2019 11:09:00 AM"
"DWC140","7/29/2019 7:07:20 AM"
"DWC141","11/25/2019 10:03:15 AM"
"DWC142","8/7/2019 11:17:04 AM"
"DWC143","11/18/2019 8:40:55 AM"
"DWC144","11/21/2019 2:27:14 PM"
"DWC145","11/18/2019 7:36:20 PM"
"DWC146","7/25/2019 9:34:27 AM"
"DWC147","11/25/2019 3:12:27 PM"
"DWC148","8/22/2019 3:45:10 PM"
"DWC149","8/26/2019 8:31:26 AM"
"DWC150","9/9/2019 9:19:28 AM"
"DWC151","9/9/2019 10:39:20 AM"
"DWC152","9/10/2018 7:37:58 AM"
"DWC153","9/4/2019 2:10:22 PM"
"DWC154","8/9/2018 9:32:57 AM"
"DWC155","8/17/2018 4:38:02 AM"
"DWC156","8/16/2019 3:29:18 AM"
"DWC157","8/13/2019 9:31:07 AM"
"DWC158","3/21/2019 10:23:34 AM"
"DWC159","9/25/2019 12:58:30 AM"
"DWC160","11/23/2019 10:58:59 AM"
"DWC161","11/20/2019 8:55:48 AM"
"DWC162","3/4/2019 8:46:33 AM"
"DWC163","1/19/2019 1:15:00 PM"
"DWC164","11/25/2019 7:13:29 AM"
"DWC165","11/25/2019 11:51:41 AM"
"DWC166","7/26/2019 9:36:30 AM"
"DWC167","5/22/2019 10:49:44 AM"
"DWC168","8/28/2018 12:18:00 PM"
"DWC169","9/3/2018 3:02:23 AM"
"DWC170","6/20/2019 12:07:22 PM"
"DWC171","6/20/2019 4:49:18 PM"
"DWC1711P-CAFE","11/19/2019 9:47:15 AM"
"DWC172","11/17/2019 10:00:43 PM"
"DWC173","6/21/2019 1:18:12 PM"
"DWC174","6/24/2019 8:53:04 AM"
"DWC175","8/2/2019 8:15:46 AM"
"DWC176","6/11/2018 1:11:32 PM"
"DWC177","9/9/2019 5:40:06 PM"
"DWC178","11/18/2019 8:44:16 AM"
"DWC179","11/19/2019 2:01:23 PM"
"DWC180","11/18/2019 8:52:28 AM"
"DWC181","11/25/2019 4:38:38 AM"
"DWC182","11/22/2019 6:55:28 AM"
"DWC183","11/24/2019 4:32:11 PM"
"DWC184","11/18/2019 6:15:36 AM"
"DWC185","11/18/2019 8:35:02 AM"
"DWC186","11/18/2019 10:40:31 AM"
"DWC187","11/11/2019 8:38:33 AM"
"DWC188","11/18/2019 12:41:56 PM"
"DWC189","6/28/2019 7:52:07 AM"
"DWC190","9/28/2018 1:36:45 PM"
"DWC1904D-212A","11/18/2019 12:34:47 PM"
"DWC1904P-417","11/25/2019 9:31:50 AM"
"DWC1904P-418","11/18/2019 8:22:51 AM"
"DWC1905D-765","11/25/2019 8:35:38 AM"
"DWC1905R-OS16","11/18/2019 1:16:44 PM"
"DWC1906P-101","11/25/2019 1:05:55 PM"
"DWC1906P-102","11/21/2019 3:58:44 PM"
"DWC1906P-104","11/21/2019 9:44:39 AM"
"DWC1906P-200","11/18/2019 8:22:48 AM"
"DWC1906P-201","11/18/2019 7:36:29 AM"
"DWC1906P-202","11/18/2019 9:13:11 AM"
"DWC1906P-203","11/18/2019 4:55:45 PM"
"DWC1906P-204","11/23/2019 10:12:58 AM"
"DWC1906P-205","11/20/2019 10:16:37 PM"
"DWC1906P-206","11/22/2019 9:29:17 AM"
"DWC1906P-208","11/21/2019 10:02:44 AM"
"DWC1906P-210","11/18/2019 8:16:45 AM"
"DWC1906P-211","11/22/2019 9:02:28 AM"
"DWC1906P-CL1","11/21/2019 9:44:51 AM"
"DWC1906P-OS5","11/20/2019 8:30:13 AM"
"DWC1906P-RES3B","11/26/2019 12:22:33 PM"
"DWC1906R-208C","11/18/2019 10:55:05 AM"
"DWC1908P-208A","11/18/2019 10:23:32 AM"
"DWC1908P-CBH1","11/18/2019 9:22:51 AM"
"DWC1908P-CBH2","11/18/2019 9:10:23 AM"
"DWC1908P-DC1","11/19/2019 2:40:08 PM"
"DWC1908P-DC2","11/19/2019 1:55:50 PM"
"DWC1908P-DCCM1","11/25/2019 8:27:58 AM"
"DWC1908P-DCCM2","10/4/2019 2:26:47 AM"
"DWC1908P-DCCM3","11/25/2019 9:04:10 AM"
"DWC1908P-DCCM4","11/21/2019 11:06:21 AM"
"DWC1908P-PROJEC","11/5/2019 3:34:34 PM"
"DWC1909P-CBH0","11/25/2019 8:08:27 AM"
"DWC1909P-CBH3","11/21/2019 9:05:04 AM"
"DWC1909P-CL2","11/18/2019 9:06:50 AM"
"DWC1909P-LAR1","11/22/2019 12:23:54 PM"
"DWC1909P-LAR3A","11/19/2019 9:36:52 AM"
"DWC1909P-SPR1","11/21/2019 7:50:01 AM"
"DWC191","11/19/2019 9:56:44 AM"
"DWC1910P-208C","11/18/2019 2:17:34 AM"
"DWC1910P-CBH10","11/25/2019 12:29:14 PM"
"DWC1910P-CBH4","11/21/2019 12:04:43 PM"
"DWC1910P-CBH5","11/19/2019 8:26:37 AM"
"DWC1910P-CBH6","10/7/2019 12:12:29 PM"
"DWC1910P-CBH7","11/21/2019 12:22:00 PM"
"DWC1910P-CBH8","11/25/2019 8:55:06 AM"
"DWC1910P-CBH9","11/25/2019 8:51:15 AM"
"DWC1910P-SPARE","11/25/2019 9:01:59 AM"
"DWC1911P-212B","11/22/2019 6:14:58 AM"
"DWC1911P-302A-1","11/21/2019 2:30:11 PM"
"DWC1911P-302A-2","11/21/2019 2:56:09 PM"
"DWC192","6/11/2019 10:23:26 AM"
"DWC193","11/18/2019 8:53:25 AM"
"DWC194","11/20/2019 11:02:56 AM"
"DWC195","11/22/2019 8:34:06 AM"
"DWC196","8/14/2019 10:15:33 PM"
"DWCCAFE","3/4/2019 10:30:45 AM"
"DWC-CONFERENCE","11/23/2019 9:59:38 AM"
"DWC-DC1","11/17/2019 5:37:04 PM"
"DWC-IT","9/6/2018 10:41:00 AM"
"DWC-LA-3CX","11/24/2019 3:57:04 PM"
"DWC-LA-RECEP","11/18/2019 10:16:22 AM"
"DWCLOANER01","10/7/2019 1:47:22 PM"
"DWCLOANER02","1/24/2019 9:47:19 AM"
"DWC-PRINTERS","11/20/2019 6:59:55 AM"
"DWC-SECURITY","11/19/2019 12:23:55 AM"
"DWC-SP-3CX","10/20/2019 12:54:34 AM"
"DWC-SPARELT","11/18/2019 9:48:47 AM"
"DWC-X1","10/14/2019 12:21:56 PM"
"DWC-X3","8/23/2019 10:12:31 AM"
"DWC-X5","8/23/2019 10:18:10 AM"
"DWC-X6","9/27/2019 3:12:11 PM"
"DWC-X7","9/27/2019 3:11:39 PM"
"LA-RES-1B","8/19/2019 8:15:25 AM"
"LC-004","6/28/2018 9:50:24 AM"
"LC-011","11/22/2019 8:48:39 AM"
"PROJECTOR-LT","4/18/2019 12:54:02 PM"
